{
  "0": {
    "threshold": 0.35000000000000003,
    "f2_val": 0.6186486004635408,
    "pr_auc_val": 0.43506732200281895,
    "brier_val": 0.03578775951866965,
    "best_iter": 101,
    "positive_rate_train": 0.02767095152094621
  },
  "1": {
    "threshold": 0.79,
    "f2_val": 0.5262763886809403,
    "pr_auc_val": 0.2985446079759708,
    "brier_val": 0.0591013560509521,
    "best_iter": 58,
    "positive_rate_train": 0.029677860572470686
  },
  "2": {
    "threshold": 0.89,
    "f2_val": 0.44430051813471505,
    "pr_auc_val": 0.21616820962544062,
    "brier_val": 0.07657421155511807,
    "best_iter": 59,
    "positive_rate_train": 0.03203621860515253
  },
  "3": {
    "threshold": 0.91,
    "f2_val": 0.4154978962131837,
    "pr_auc_val": 0.1823651683646171,
    "brier_val": 0.08700363171550016,
    "best_iter": 67,
    "positive_rate_train": 0.033719068413391555
  },
  "4": {
    "threshold": 0.91,
    "f2_val": 0.3877802921209628,
    "pr_auc_val": 0.15962620457381024,
    "brier_val": 0.09404304435345268,
    "best_iter": 76,
    "positive_rate_train": 0.034600541187951916
  },
  "5": {
    "threshold": 0.99,
    "f2_val": 0.361214759535655,
    "pr_auc_val": 0.1445835739525034,
    "brier_val": 0.10134148185299938,
    "best_iter": 73,
    "positive_rate_train": 0.035578719045610656
  },
  "6": {
    "threshold": 0.8400000000000001,
    "f2_val": 0.34368587950009327,
    "pr_auc_val": 0.13447098565784493,
    "brier_val": 0.10950526317302872,
    "best_iter": 55,
    "positive_rate_train": 0.036335107528535825
  },
  "7": {
    "threshold": 0.99,
    "f2_val": 0.3326043375250592,
    "pr_auc_val": 0.12230124047775538,
    "brier_val": 0.11091046626517524,
    "best_iter": 60,
    "positive_rate_train": 0.03659765409745729
  },
  "8": {
    "threshold": 0.99,
    "f2_val": 0.32229330310146576,
    "pr_auc_val": 0.11877059612978258,
    "brier_val": 0.11416873983678237,
    "best_iter": 60,
    "positive_rate_train": 0.03829192646916293
  },
  "9": {
    "threshold": 0.68,
    "f2_val": 0.3186295503211992,
    "pr_auc_val": 0.11223364240315312,
    "brier_val": 0.10389166877912799,
    "best_iter": 31,
    "positive_rate_train": 0.04014686459051527
  }
}