{
  "0": {
    "threshold": 0.35000000000000003,
    "f2_val": 0.6308169596690797,
    "pr_auc_val": 0.4407823775721438,
    "brier_val": 0.03587007595182735,
    "best_iter": 93,
    "positive_rate_train": 0.02675542650755993
  },
  "1": {
    "threshold": 0.77,
    "f2_val": 0.5177923021060276,
    "pr_auc_val": 0.30013564886049077,
    "brier_val": 0.05867577138320126,
    "best_iter": 73,
    "positive_rate_train": 0.028550470737369854
  },
  "2": {
    "threshold": 0.88,
    "f2_val": 0.44998777207141116,
    "pr_auc_val": 0.22263075630988866,
    "brier_val": 0.07714070894962555,
    "best_iter": 61,
    "positive_rate_train": 0.03128500445184824
  },
  "3": {
    "threshold": 0.87,
    "f2_val": 0.41507096192836224,
    "pr_auc_val": 0.1835309473843757,
    "brier_val": 0.08901986419191384,
    "best_iter": 56,
    "positive_rate_train": 0.03345397988255131
  },
  "4": {
    "threshold": 0.99,
    "f2_val": 0.3816830727658754,
    "pr_auc_val": 0.15776403921958543,
    "brier_val": 0.08558501651823866,
    "best_iter": 31,
    "positive_rate_train": 0.03422634431628539
  },
  "5": {
    "threshold": 0.88,
    "f2_val": 0.3566952162105702,
    "pr_auc_val": 0.14357762682861142,
    "brier_val": 0.08724732635862731,
    "best_iter": 113,
    "positive_rate_train": 0.03433757133297745
  },
  "6": {
    "threshold": 0.99,
    "f2_val": 0.33466171542432754,
    "pr_auc_val": 0.12610210413804315,
    "brier_val": 0.10603531795271609,
    "best_iter": 73,
    "positive_rate_train": 0.03488961218411275
  },
  "7": {
    "threshold": 0.88,
    "f2_val": 0.32180851063829785,
    "pr_auc_val": 0.1200638415947248,
    "brier_val": 0.10569909133075402,
    "best_iter": 85,
    "positive_rate_train": 0.035851251100213755
  },
  "8": {
    "threshold": 0.64,
    "f2_val": 0.32294451871657753,
    "pr_auc_val": 0.11979030079681179,
    "brier_val": 0.09170869428109497,
    "best_iter": 25,
    "positive_rate_train": 0.0378696792414767
  },
  "9": {
    "threshold": 0.81,
    "f2_val": 0.32380188847318725,
    "pr_auc_val": 0.11982224253377173,
    "brier_val": 0.11938268345883782,
    "best_iter": 56,
    "positive_rate_train": 0.039391650132412394
  }
}