{
  "0": {
    "threshold": 0.3,
    "f2_val": 0.6294806784402869,
    "pr_auc_val": 0.4458207351567917,
    "brier_val": 0.034008046170058606,
    "best_iter": 106,
    "positive_rate_train": 0.027149545618744733
  },
  "1": {
    "threshold": 0.76,
    "f2_val": 0.5101156069364161,
    "pr_auc_val": 0.30037562678669105,
    "brier_val": 0.05403646397862454,
    "best_iter": 93,
    "positive_rate_train": 0.028983338321859724
  },
  "2": {
    "threshold": 0.99,
    "f2_val": 0.44899636107524354,
    "pr_auc_val": 0.2131043714471225,
    "brier_val": 0.07585829862802637,
    "best_iter": 56,
    "positive_rate_train": 0.030919013755365887
  },
  "3": {
    "threshold": 0.99,
    "f2_val": 0.4147931654676259,
    "pr_auc_val": 0.18733628085964638,
    "brier_val": 0.0884342600150432,
    "best_iter": 60,
    "positive_rate_train": 0.032810406106158596
  },
  "4": {
    "threshold": 0.99,
    "f2_val": 0.3904905335628227,
    "pr_auc_val": 0.15893437734741286,
    "brier_val": 0.09535251673215915,
    "best_iter": 64,
    "positive_rate_train": 0.034140423296862635
  },
  "5": {
    "threshold": 0.99,
    "f2_val": 0.3599317835023786,
    "pr_auc_val": 0.14057810814914004,
    "brier_val": 0.10265280418272722,
    "best_iter": 59,
    "positive_rate_train": 0.03496809425394862
  },
  "6": {
    "threshold": 0.99,
    "f2_val": 0.34416377124612635,
    "pr_auc_val": 0.13368069782715866,
    "brier_val": 0.10768596243955365,
    "best_iter": 48,
    "positive_rate_train": 0.036557648599714936
  },
  "7": {
    "threshold": 0.99,
    "f2_val": 0.32302867383512546,
    "pr_auc_val": 0.11780160210293525,
    "brier_val": 0.09274811023213773,
    "best_iter": 27,
    "positive_rate_train": 0.03668690372940156
  },
  "8": {
    "threshold": 0.74,
    "f2_val": 0.32004782781984853,
    "pr_auc_val": 0.12156552022431705,
    "brier_val": 0.10704029017901456,
    "best_iter": 37,
    "positive_rate_train": 0.03717041904731075
  },
  "9": {
    "threshold": 0.55,
    "f2_val": 0.32292787944025836,
    "pr_auc_val": 0.11722349731391765,
    "brier_val": 0.08130203485158205,
    "best_iter": 19,
    "positive_rate_train": 0.038982881502697665
  }
}