{
  "0": {
    "threshold": 0.3,
    "f2_val": 0.6236711552090716,
    "pr_auc_val": 0.441055908631957,
    "brier_val": 0.03391843368630527,
    "best_iter": 107,
    "positive_rate_train": 0.027467586265498757
  },
  "1": {
    "threshold": 0.77,
    "f2_val": 0.5204999237921049,
    "pr_auc_val": 0.30092548940752606,
    "brier_val": 0.05720597808024856,
    "best_iter": 68,
    "positive_rate_train": 0.029327937068916378
  },
  "2": {
    "threshold": 0.89,
    "f2_val": 0.4448926325780045,
    "pr_auc_val": 0.21518038271472822,
    "brier_val": 0.07336425030344484,
    "best_iter": 79,
    "positive_rate_train": 0.03151061137631564
  },
  "3": {
    "threshold": 0.99,
    "f2_val": 0.417329093799682,
    "pr_auc_val": 0.17889371852273517,
    "brier_val": 0.07522564715871269,
    "best_iter": 29,
    "positive_rate_train": 0.03324087623124468
  },
  "4": {
    "threshold": 0.74,
    "f2_val": 0.3820323681602995,
    "pr_auc_val": 0.1574887619510863,
    "brier_val": 0.08519555555354308,
    "best_iter": 31,
    "positive_rate_train": 0.0343384451575694
  },
  "5": {
    "threshold": 0.99,
    "f2_val": 0.35086877219928964,
    "pr_auc_val": 0.13985532198407996,
    "brier_val": 0.08852634541093758,
    "best_iter": 29,
    "positive_rate_train": 0.03524892671537245
  },
  "6": {
    "threshold": 0.99,
    "f2_val": 0.3347512483817274,
    "pr_auc_val": 0.1268463493219396,
    "brier_val": 0.0988276984224582,
    "best_iter": 32,
    "positive_rate_train": 0.036635361623247265
  },
  "7": {
    "threshold": 0.99,
    "f2_val": 0.3295181834964002,
    "pr_auc_val": 0.12649517940056634,
    "brier_val": 0.11038651111712032,
    "best_iter": 71,
    "positive_rate_train": 0.03727124350493192
  },
  "8": {
    "threshold": 0.8400000000000001,
    "f2_val": 0.3221793221793222,
    "pr_auc_val": 0.11869753122168795,
    "brier_val": 0.11564260856655544,
    "best_iter": 66,
    "positive_rate_train": 0.03775952082237242
  },
  "9": {
    "threshold": 0.64,
    "f2_val": 0.3192389006342495,
    "pr_auc_val": 0.11983082229816099,
    "brier_val": 0.09882994771310466,
    "best_iter": 27,
    "positive_rate_train": 0.03836259646844327
  }
}