{
  "0": {
    "threshold": 0.29000000000000004,
    "f2_val": 0.6224066390041495,
    "pr_auc_val": 0.4420514663073053,
    "brier_val": 0.03280507439479549,
    "best_iter": 133,
    "positive_rate_train": 0.027748079442064644
  },
  "1": {
    "threshold": 0.77,
    "f2_val": 0.5196778605075216,
    "pr_auc_val": 0.2945761195460997,
    "brier_val": 0.05795029341898954,
    "best_iter": 60,
    "positive_rate_train": 0.0288705312633528
  },
  "2": {
    "threshold": 0.9,
    "f2_val": 0.44889059894831346,
    "pr_auc_val": 0.22193002978952672,
    "brier_val": 0.07411435607973456,
    "best_iter": 73,
    "positive_rate_train": 0.030539451281277614
  },
  "3": {
    "threshold": 0.91,
    "f2_val": 0.41478212906784334,
    "pr_auc_val": 0.185145240739568,
    "brier_val": 0.08063128958579817,
    "best_iter": 92,
    "positive_rate_train": 0.03234956144816652
  },
  "4": {
    "threshold": 0.99,
    "f2_val": 0.38353162179085787,
    "pr_auc_val": 0.15744846314921737,
    "brier_val": 0.09282664180928946,
    "best_iter": 40,
    "positive_rate_train": 0.03396354663061226
  },
  "5": {
    "threshold": 0.99,
    "f2_val": 0.3568540234532956,
    "pr_auc_val": 0.1423749426991331,
    "brier_val": 0.10355532175194591,
    "best_iter": 59,
    "positive_rate_train": 0.034848895310336525
  },
  "6": {
    "threshold": 0.99,
    "f2_val": 0.33939150517120203,
    "pr_auc_val": 0.12959886952815836,
    "brier_val": 0.0971278780038977,
    "best_iter": 32,
    "positive_rate_train": 0.03617491708635303
  },
  "7": {
    "threshold": 0.99,
    "f2_val": 0.3291844087782509,
    "pr_auc_val": 0.12022986965562016,
    "brier_val": 0.11268634500325349,
    "best_iter": 53,
    "positive_rate_train": 0.036433395444646244
  },
  "8": {
    "threshold": 0.99,
    "f2_val": 0.3232510833996639,
    "pr_auc_val": 0.1200391748745491,
    "brier_val": 0.11371290080680609,
    "best_iter": 66,
    "positive_rate_train": 0.0378269292864062
  },
  "9": {
    "threshold": 0.8300000000000001,
    "f2_val": 0.32129323550753847,
    "pr_auc_val": 0.12038441248478647,
    "brier_val": 0.11361750669496204,
    "best_iter": 76,
    "positive_rate_train": 0.03920559700563518
  }
}