{
  "0": {
    "threshold": 0.34,
    "f2_val": 0.6291333101287852,
    "pr_auc_val": 0.4302626598782271,
    "brier_val": 0.035943769431582034,
    "best_iter": 91,
    "positive_rate_train": 0.02725038772316212
  },
  "1": {
    "threshold": 0.77,
    "f2_val": 0.5160818713450293,
    "pr_auc_val": 0.301719282931188,
    "brier_val": 0.05706492540212593,
    "best_iter": 80,
    "positive_rate_train": 0.028950087284905054
  },
  "2": {
    "threshold": 0.88,
    "f2_val": 0.44762915782024054,
    "pr_auc_val": 0.21925975171899803,
    "brier_val": 0.07262263658476673,
    "best_iter": 80,
    "positive_rate_train": 0.03121832701970284
  },
  "3": {
    "threshold": 0.92,
    "f2_val": 0.4159574468085106,
    "pr_auc_val": 0.18702708330147735,
    "brier_val": 0.0848092133224205,
    "best_iter": 81,
    "positive_rate_train": 0.03327679214926873
  },
  "4": {
    "threshold": 0.99,
    "f2_val": 0.3903402187120291,
    "pr_auc_val": 0.16139102989948362,
    "brier_val": 0.09401671450728682,
    "best_iter": 76,
    "positive_rate_train": 0.033956598275173444
  },
  "5": {
    "threshold": 0.99,
    "f2_val": 0.34461411473380105,
    "pr_auc_val": 0.13445829160711384,
    "brier_val": 0.05372266521084535,
    "best_iter": 12,
    "positive_rate_train": 0.035118783010977914
  },
  "6": {
    "threshold": 0.89,
    "f2_val": 0.336590131900342,
    "pr_auc_val": 0.1296668450101241,
    "brier_val": 0.10569239437584836,
    "best_iter": 71,
    "positive_rate_train": 0.036316761582268736
  },
  "7": {
    "threshold": 0.86,
    "f2_val": 0.3265747050024929,
    "pr_auc_val": 0.12446571487806418,
    "brier_val": 0.10972912968699627,
    "best_iter": 72,
    "positive_rate_train": 0.03669413933844966
  },
  "8": {
    "threshold": 0.99,
    "f2_val": 0.3207346286931062,
    "pr_auc_val": 0.11274415379327588,
    "brier_val": 0.07506735319721074,
    "best_iter": 17,
    "positive_rate_train": 0.038452524305583616
  },
  "9": {
    "threshold": 0.99,
    "f2_val": 0.32004782781984853,
    "pr_auc_val": 0.11718074607168168,
    "brier_val": 0.11819712656015377,
    "best_iter": 48,
    "positive_rate_train": 0.03988056622918642
  }
}