{
  "0": {
    "threshold": 0.29000000000000004,
    "f2_val": 0.6253126563281641,
    "pr_auc_val": 0.4387116889151899,
    "brier_val": 0.03418541443441676,
    "best_iter": 103,
    "positive_rate_train": 0.026660244786944697
  },
  "1": {
    "threshold": 0.78,
    "f2_val": 0.5150058275058276,
    "pr_auc_val": 0.308171422780181,
    "brier_val": 0.057073380195121134,
    "best_iter": 82,
    "positive_rate_train": 0.029436914789003378
  },
  "2": {
    "threshold": 0.88,
    "f2_val": 0.44681119233677846,
    "pr_auc_val": 0.21200022716068065,
    "brier_val": 0.07669109889640974,
    "best_iter": 56,
    "positive_rate_train": 0.031235625574977
  },
  "3": {
    "threshold": 0.86,
    "f2_val": 0.40935341410938736,
    "pr_auc_val": 0.18455410462746094,
    "brier_val": 0.08788989766285107,
    "best_iter": 53,
    "positive_rate_train": 0.03243935820156664
  },
  "4": {
    "threshold": 0.99,
    "f2_val": 0.3845356550580431,
    "pr_auc_val": 0.15534197438122962,
    "brier_val": 0.0966598568684747,
    "best_iter": 67,
    "positive_rate_train": 0.034225563465135014
  },
  "5": {
    "threshold": 0.99,
    "f2_val": 0.35807009952401553,
    "pr_auc_val": 0.13708126346070496,
    "brier_val": 0.10287618993989961,
    "best_iter": 48,
    "positive_rate_train": 0.034721124087921024
  },
  "6": {
    "threshold": 0.99,
    "f2_val": 0.33519553072625696,
    "pr_auc_val": 0.12590917192513534,
    "brier_val": 0.0908061850273131,
    "best_iter": 27,
    "positive_rate_train": 0.03602266698447604
  },
  "7": {
    "threshold": 0.85,
    "f2_val": 0.3245812584880037,
    "pr_auc_val": 0.12413685924805418,
    "brier_val": 0.11192168411249886,
    "best_iter": 61,
    "positive_rate_train": 0.03673974178200351
  },
  "8": {
    "threshold": 0.99,
    "f2_val": 0.3194491960314745,
    "pr_auc_val": 0.11528652185494906,
    "brier_val": 0.07521342074966338,
    "best_iter": 17,
    "positive_rate_train": 0.03857535575679172
  },
  "9": {
    "threshold": 0.79,
    "f2_val": 0.32676672920575356,
    "pr_auc_val": 0.11830735775284452,
    "brier_val": 0.11852498700518316,
    "best_iter": 50,
    "positive_rate_train": 0.03941284098469727
  }
}