{"x": [0.011596525087952614, 0.02494177222251892, 0.024949215352535248, 0.02745749056339264, 0.027458764612674713, 0.03025895357131958, 0.03026142716407776, 0.04067343473434448, 0.04067472741007805, 0.04841453954577446, 0.04842040687799454, 0.05252191424369812, 0.05252767726778984, 0.07935184240341187, 0.07935347408056259, 0.09007874131202698, 0.09009017050266266, 0.13677948713302612, 0.13678276538848877, 0.1730303168296814, 0.1730690896511078, 0.18403705954551697, 0.1840428113937378, 0.20646615326404572, 0.20649005472660065, 0.2579123079776764, 0.25793421268463135, 0.3563918471336365, 0.3564137816429138, 0.42376160621643066, 0.4238128960132599, 0.44524845480918884, 0.4452768564224243, 0.4909450113773346, 0.4909718632698059, 0.5486326217651367, 0.5487099289894104, 0.5634124279022217, 0.5634660720825195, 0.5814056396484375, 0.5814403295516968, 0.609808087348938, 0.6098126173019409, 0.6156346201896667, 0.6156661510467529, 0.6177195310592651, 0.6177226305007935, 0.6473643183708191, 0.6474582552909851, 0.6706051826477051, 0.6707903146743774, 0.6911746859550476, 0.6912698745727539, 0.6980095505714417, 0.6980136632919312, 0.7396422624588013, 0.7397251129150391, 0.7447226643562317, 0.7447687983512878, 0.766156792640686, 0.7661706209182739, 0.8132835626602173, 0.8135451674461365, 0.8275200724601746, 0.8275821805000305, 0.8283740878105164, 0.8286427855491638, 0.8456261157989502, 0.847012460231781, 0.849360466003418], "y": [0.0, 0.0, 0.0008628127980045974, 0.0008628127980045974, 0.0015491866506636143, 0.0015491866506636143, 0.0017258382868021727, 0.0017258382868021727, 0.0054595088586211205, 0.0054595088586211205, 0.006329114083200693, 0.006329114083200693, 0.006493506487458944, 0.006493506487458944, 0.01122544426470995, 0.01122544426470995, 0.013758598826825619, 0.013758598826825619, 0.017341040074825287, 0.017341040074825287, 0.021447721868753433, 0.021447721868753433, 0.029173418879508972, 0.029173418879508972, 0.03501628711819649, 0.03501628711819649, 0.03587736561894417, 0.03587736561894417, 0.05231143534183502, 0.05231143534183502, 0.05309734493494034, 0.05309734493494034, 0.0625, 0.0625, 0.08211144059896469, 0.08211144059896469, 0.08636363595724106, 0.08636363595724106, 0.09652509540319443, 0.09652509540319443, 0.09706546366214752, 0.09706546366214752, 0.1111111119389534, 0.1111111119389534, 0.11428571492433548, 0.11428571492433548, 0.11586453020572662, 0.11586453020572662, 0.13856813311576843, 0.13856813311576843, 0.14691942930221558, 0.14691942930221558, 0.16107381880283356, 0.16107381880283356, 0.1674528270959854, 0.1674528270959854, 0.1894736886024475, 0.1894736886024475, 0.2154696136713028, 0.2154696136713028, 0.2205638438463211, 0.2205638438463211, 0.22549019753932953, 0.22549019753932953, 0.2857142984867096, 0.2857142984867096, 0.302325576543808, 0.302325576543808, 0.3333333432674408, 0.3333333432674408], "degenerate": false}