{"x": [0.00923908967524767, 0.018488286063075066, 0.01849290169775486, 0.0265081487596035, 0.02650940977036953, 0.03882058337330818, 0.038824472576379776, 0.04163903370499611, 0.04164064675569534, 0.05068708956241608, 0.05069274082779884, 0.07768029719591141, 0.07769214361906052, 0.11891064047813416, 0.11891399323940277, 0.1433761864900589, 0.14338505268096924, 0.19094760715961456, 0.1910315752029419, 0.21623213589191437, 0.2162555605173111, 0.23914751410484314, 0.2392319291830063, 0.3507537841796875, 0.35080787539482117, 0.38173213601112366, 0.38176825642585754, 0.4262744188308716, 0.42627981305122375, 0.5207247138023376, 0.5209842324256897, 0.6183533668518066, 0.6183738112449646, 0.6201488375663757, 0.6202344298362732, 0.6906875371932983, 0.6907840371131897, 0.7222594022750854, 0.7223203182220459, 0.7233216166496277, 0.7233431935310364, 0.7441071271896362, 0.7441333532333374, 0.7473207712173462, 0.7473702430725098, 0.7488852739334106, 0.7489036321640015, 0.7619175314903259, 0.7619568109512329, 0.7759518027305603, 0.7759836316108704, 0.7954455614089966, 0.7955618500709534, 0.7983306646347046, 0.798355221748352, 0.846512496471405, 0.8468457460403442, 0.8579067587852478, 0.8579316139221191, 0.8603269457817078, 0.8607926368713379, 0.8636349439620972, 0.8638097643852234, 0.8649150133132935, 0.8658068776130676, 0.8671165704727173], "y": [0.0, 0.0, 0.0010688328184187412, 0.0010688328184187412, 0.0024091920349746943, 0.0024091920349746943, 0.0055432370863854885, 0.0055432370863854885, 0.00565709313377738, 0.00565709313377738, 0.007904130965471268, 0.007904130965471268, 0.010104302316904068, 0.010104302316904068, 0.014504431746900082, 0.014504431746900082, 0.017341040074825287, 0.017341040074825287, 0.028169013559818268, 0.028169013559818268, 0.03579418361186981, 0.03579418361186981, 0.045847177505493164, 0.045847177505493164, 0.06060606241226196, 0.06060606241226196, 0.06234414130449295, 0.06234414130449295, 0.06309524178504944, 0.06309524178504944, 0.0936213955283165, 0.0936213955283165, 0.10526315867900848, 0.10526315867900848, 0.13522012531757355, 0.13522012531757355, 0.1383177638053894, 0.1383177638053894, 0.15000000596046448, 0.15000000596046448, 0.17585301399230957, 0.17585301399230957, 0.18965516984462738, 0.18965516984462738, 0.20000000298023224, 0.20000000298023224, 0.2068965584039688, 0.2068965584039688, 0.22083333134651184, 0.22083333134651184, 0.22356495261192322, 0.22356495261192322, 0.2380952388048172, 0.2380952388048172, 0.24608150124549866, 0.24608150124549866, 0.24731183052062988, 0.24731183052062988, 0.375, 0.375, 0.4166666567325592, 0.4166666567325592, 0.6666666865348816, 0.6666666865348816, 1.0, 1.0], "degenerate": false}