{"x": [0.019358372315764427, 0.030825674533843994, 0.03083958476781845, 0.03987843543291092, 0.03989272564649582, 0.047408126294612885, 0.04741310700774193, 0.05339229851961136, 0.05339393392205238, 0.07422008365392685, 0.07422775775194168, 0.11555515229701996, 0.11556407064199448, 0.11715610325336456, 0.11716150492429733, 0.1383080780506134, 0.138326495885849, 0.14199750125408173, 0.1420646607875824, 0.20616275072097778, 0.20621830224990845, 0.20750588178634644, 0.20752036571502686, 0.21064521372318268, 0.21065247058868408, 0.2565288543701172, 0.2565467059612274, 0.28447386622428894, 0.284536749124527, 0.2943727374076843, 0.29442036151885986, 0.36191725730895996, 0.3619280755519867, 0.39185282588005066, 0.3919609487056732, 0.4256632328033447, 0.4256957173347473, 0.435973197221756, 0.4359753727912903, 0.4734712839126587, 0.47353145480155945, 0.5060476064682007, 0.5060990452766418, 0.5282573103904724, 0.5282596349716187, 0.5543036460876465, 0.5543211698532104, 0.6584860682487488, 0.6585544347763062, 0.6588173508644104, 0.6588239669799805, 0.6716940402984619, 0.6719621419906616, 0.68055260181427, 0.6806498765945435, 0.7047644853591919, 0.7048375010490417, 0.709864616394043, 0.7100144028663635, 0.7129488587379456, 0.7135109901428223, 0.7138230800628662, 0.7138814330101013, 0.7229902744293213], "y": [0.0, 0.0, 0.0005780346691608429, 0.0005780346691608429, 0.0016348774079233408, 0.0016348774079233408, 0.004434589762240648, 0.004434589762240648, 0.0058823530562222, 0.0058823530562222, 0.010423747822642326, 0.010423747822642326, 0.014814814552664757, 0.014814814552664757, 0.01568334549665451, 0.01568334549665451, 0.016574585810303688, 0.016574585810303688, 0.027619821950793266, 0.027619821950793266, 0.02857142873108387, 0.02857142873108387, 0.030927835032343864, 0.030927835032343864, 0.031720858067274094, 0.031720858067274094, 0.035230353474617004, 0.035230353474617004, 0.04467353969812393, 0.04467353969812393, 0.046916183084249496, 0.046916183084249496, 0.053724054247140884, 0.053724054247140884, 0.0696629211306572, 0.0696629211306572, 0.08178438991308212, 0.08178438991308212, 0.08595387637615204, 0.08595387637615204, 0.09182389825582504, 0.09182389825582504, 0.10256410390138626, 0.10256410390138626, 0.11929307878017426, 0.11929307878017426, 0.12787136435508728, 0.12787136435508728, 0.1428571492433548, 0.1428571492433548, 0.15121951699256897, 0.15121951699256897, 0.1910112351179123, 0.1910112351179123, 0.19875776767730713, 0.19875776767730713, 0.25, 0.25, 0.27272728085517883, 0.27272728085517883, 0.3333333432674408, 0.3333333432674408, 0.5, 0.5], "degenerate": false}