{"x": [0.004082657862454653, 0.008637910708785057, 0.00864025205373764, 0.009864231571555138, 0.009867041371762753, 0.011896629817783833, 0.01189783588051796, 0.012700790539383888, 0.012701796367764473, 0.02074505016207695, 0.0207461379468441, 0.026055119931697845, 0.026056619361042976, 0.03989102691411972, 0.03989637643098831, 0.04241497814655304, 0.0424250066280365, 0.04470673203468323, 0.04471156746149063, 0.050408296287059784, 0.05042850598692894, 0.05887115001678467, 0.05888822674751282, 0.06267980486154556, 0.06268613785505295, 0.13447685539722443, 0.13450266420841217, 0.14672422409057617, 0.14680331945419312, 0.2982928156852722, 0.2984066605567932, 0.3394456207752228, 0.33945852518081665, 0.347555547952652, 0.3477605879306793, 0.3659232556819916, 0.3659243583679199, 0.4768930673599243, 0.47733932733535767, 0.4795648455619812, 0.47993841767311096, 0.5606865286827087, 0.5609974265098572, 0.6361736059188843, 0.6362119317054749, 0.6927928924560547, 0.6929866671562195, 0.7921159267425537, 0.7925191521644592, 0.8135703802108765, 0.8137980103492737, 0.8297946453094482, 0.829936683177948, 0.8778696060180664, 0.8778806328773499, 0.8952974081039429, 0.8953033089637756, 0.9157211184501648, 0.9158027172088623, 0.916284441947937, 0.9163787961006165, 0.9320885539054871, 0.9321630597114563, 0.9337698221206665, 0.9338082671165466, 0.9363150000572205, 0.9365282654762268, 0.9371994733810425, 0.9372096061706543, 0.9384034872055054], "y": [0.0, 0.0, 0.0006915629492141306, 0.0006915629492141306, 0.0006978367455303669, 0.0006978367455303669, 0.0008673027041368186, 0.0008673027041368186, 0.0017266897484660149, 0.0017266897484660149, 0.003121748100966215, 0.003121748100966215, 0.003929787781089544, 0.003929787781089544, 0.005037783179432154, 0.005037783179432154, 0.00522193219512701, 0.00522193219512701, 0.005730659235268831, 0.005730659235268831, 0.009227219969034195, 0.009227219969034195, 0.009287925437092781, 0.009287925437092781, 0.013826477341353893, 0.013826477341353893, 0.015384615398943424, 0.015384615398943424, 0.035026270896196365, 0.035026270896196365, 0.05166051536798477, 0.05166051536798477, 0.06521739065647125, 0.06521739065647125, 0.07207207381725311, 0.07207207381725311, 0.07704655081033707, 0.07704655081033707, 0.0833333358168602, 0.0833333358168602, 0.1024390235543251, 0.1024390235543251, 0.12398921698331833, 0.12398921698331833, 0.12444444745779037, 0.12444444745779037, 0.18164794147014618, 0.18164794147014618, 0.20930232107639313, 0.20930232107639313, 0.21848739683628082, 0.21848739683628082, 0.2956521809101105, 0.2956521809101105, 0.32692307233810425, 0.32692307233810425, 0.3314763307571411, 0.3314763307571411, 0.3333333432674408, 0.3333333432674408, 0.3705357015132904, 0.3705357015132904, 0.375, 0.375, 0.6304348111152649, 0.6304348111152649, 0.7272727489471436, 0.7272727489471436, 0.75, 0.75], "degenerate": false}