{"x": [0.022446632385253906, 0.04686768725514412, 0.0468699112534523, 0.06254135072231293, 0.06255435943603516, 0.0925569087266922, 0.09258203953504562, 0.10773245990276337, 0.1077747642993927, 0.11087910085916519, 0.11089085042476654, 0.12191662192344666, 0.12192390114068985, 0.1493283212184906, 0.14934003353118896, 0.1764981597661972, 0.17650100588798523, 0.18754512071609497, 0.18765303492546082, 0.2206515222787857, 0.22069941461086273, 0.2378837615251541, 0.23789937794208527, 0.2784155607223511, 0.27842286229133606, 0.2817292809486389, 0.2817835211753845, 0.3793448507785797, 0.3794091045856476, 0.3829638361930847, 0.38304442167282104, 0.38470280170440674, 0.3847823143005371, 0.3878953456878662, 0.38792210817337036, 0.4432196021080017, 0.44323450326919556, 0.4539148211479187, 0.45392459630966187, 0.46338242292404175, 0.46344465017318726, 0.5729833841323853, 0.5730948448181152, 0.5788958668708801, 0.5789015889167786, 0.6637161374092102, 0.6638096570968628, 0.6854544281959534, 0.6854816675186157, 0.6920914649963379, 0.6921831965446472, 0.7209299802780151, 0.7213685512542725, 0.7242979407310486, 0.7245742678642273, 0.7263489365577698, 0.7300339341163635, 0.732446014881134], "y": [0.0, 0.0, 0.0033167495857924223, 0.0033167495857924223, 0.007965242490172386, 0.007965242490172386, 0.011946591548621655, 0.011946591548621655, 0.01224489789456129, 0.01224489789456129, 0.012391573749482632, 0.012391573749482632, 0.01889168843626976, 0.01889168843626976, 0.021739130839705467, 0.021739130839705467, 0.029925186187028885, 0.029925186187028885, 0.0322265625, 0.0322265625, 0.03361344709992409, 0.03361344709992409, 0.03651115670800209, 0.03651115670800209, 0.04545454680919647, 0.04545454680919647, 0.04952380806207657, 0.04952380806207657, 0.0517241396009922, 0.0517241396009922, 0.054054055362939835, 0.054054055362939835, 0.0595238097012043, 0.0595238097012043, 0.06359945982694626, 0.06359945982694626, 0.06844106316566467, 0.06844106316566467, 0.08133970946073532, 0.08133970946073532, 0.10386894643306732, 0.10386894643306732, 0.1164383590221405, 0.1164383590221405, 0.12559017539024353, 0.12559017539024353, 0.13978494703769684, 0.13978494703769684, 0.17241379618644714, 0.17241379618644714, 0.19583334028720856, 0.19583334028720856, 0.27272728085517883, 0.27272728085517883, 0.2857142984867096, 0.2857142984867096, 1.0, 1.0], "degenerate": false}