{"x": [0.0011253576958552003, 0.0029599093832075596, 0.0029609340708702803, 0.005927623715251684, 0.0059287054464221, 0.006607989314943552, 0.006609573028981686, 0.011472033336758614, 0.011474075727164745, 0.018705150112509727, 0.01870677061378956, 0.021420393139123917, 0.021422522142529488, 0.022100461646914482, 0.02210174687206745, 0.028603412210941315, 0.028610631823539734, 0.05710789933800697, 0.05713862180709839, 0.06206786632537842, 0.062073964625597, 0.07472138106822968, 0.07472401112318039, 0.0885770171880722, 0.088716059923172, 0.10166466981172562, 0.10182633250951767, 0.11200112849473953, 0.11205810308456421, 0.16755591332912445, 0.16775581240653992, 0.23738062381744385, 0.23751676082611084, 0.3082164525985718, 0.30833709239959717, 0.35414034128189087, 0.35479193925857544, 0.45185747742652893, 0.45257237553596497, 0.6978649497032166, 0.697887659072876, 0.7205725908279419, 0.7208684682846069, 0.8205193877220154, 0.8216859102249146, 0.8740983009338379, 0.87435382604599, 0.8780025839805603, 0.8780776262283325, 0.8796510100364685, 0.8800486326217651, 0.9123213291168213, 0.9123336672782898, 0.9346718788146973, 0.934697687625885, 0.9462000727653503, 0.9462465643882751, 0.963832676410675, 0.9639833569526672, 0.9681365489959717, 0.9682868719100952, 0.9705854654312134, 0.9706102013587952, 0.9715611934661865, 0.9715744853019714, 0.9730234742164612, 0.973071277141571, 0.9746055603027344], "y": [0.0, 0.0, 0.000910539529286325, 0.000910539529286325, 0.0010587612632662058, 0.0010587612632662058, 0.0017335314769297838, 0.0017335314769297838, 0.002490942133590579, 0.002490942133590579, 0.004444444552063942, 0.004444444552063942, 0.005347593687474728, 0.005347593687474728, 0.006414825562387705, 0.006414825562387705, 0.009847806766629219, 0.009847806766629219, 0.01005025114864111, 0.01005025114864111, 0.01312335953116417, 0.01312335953116417, 0.01650165021419525, 0.01650165021419525, 0.0260869562625885, 0.0260869562625885, 0.0317460335791111, 0.0317460335791111, 0.03435114398598671, 0.03435114398598671, 0.0419580414891243, 0.0419580414891243, 0.053956832736730576, 0.053956832736730576, 0.0833333358168602, 0.0833333358168602, 0.10116731375455856, 0.10116731375455856, 0.1428571492433548, 0.1428571492433548, 0.20000000298023224, 0.20000000298023224, 0.3187919557094574, 0.3187919557094574, 0.3413461446762085, 0.3413461446762085, 0.3529411852359772, 0.3529411852359772, 0.4000000059604645, 0.4000000059604645, 0.4093567132949829, 0.4093567132949829, 0.4111675024032593, 0.4111675024032593, 0.4610389471054077, 0.4610389471054077, 0.5071428418159485, 0.5071428418159485, 0.585106372833252, 0.585106372833252, 0.6176470518112183, 0.6176470518112183, 0.6363636255264282, 0.6363636255264282, 0.8095238208770752, 0.8095238208770752, 1.0, 1.0], "degenerate": false}