{"x": [0.013265730813145638, 0.022206775844097137, 0.022208623588085175, 0.02964923158288002, 0.029654964804649353, 0.037700969725847244, 0.03770206868648529, 0.04101915657520294, 0.04102226719260216, 0.05778386816382408, 0.057787489145994186, 0.09009628742933273, 0.09011872857809067, 0.13115635514259338, 0.13120342791080475, 0.1417204737663269, 0.14175593852996826, 0.16812880337238312, 0.16815465688705444, 0.1946859210729599, 0.19474256038665771, 0.1975279301404953, 0.19758184254169464, 0.24241149425506592, 0.24241304397583008, 0.24353928864002228, 0.2435951977968216, 0.27736932039260864, 0.27741315960884094, 0.27810442447662354, 0.27811554074287415, 0.36462512612342834, 0.36466553807258606, 0.368175208568573, 0.36819520592689514, 0.3934208154678345, 0.3934238851070404, 0.46101653575897217, 0.46105721592903137, 0.5167204737663269, 0.5168359875679016, 0.5386499762535095, 0.5386626720428467, 0.5393105745315552, 0.5393860340118408, 0.5411880016326904, 0.5412245392799377, 0.5796843767166138, 0.5797166228294373, 0.6230862140655518, 0.6230922341346741, 0.6237447261810303, 0.6239188313484192, 0.6598985195159912, 0.6599550247192383, 0.672832727432251, 0.6728664636611938, 0.6748431921005249, 0.67484450340271, 0.705889105796814, 0.7059155702590942, 0.7071980237960815, 0.7072180509567261, 0.7310994267463684, 0.7312141060829163, 0.7460157871246338, 0.7461110949516296, 0.7738420367240906, 0.7739763855934143, 0.7749559879302979, 0.7750319838523865, 0.7833492159843445, 0.7833674550056458, 0.7983721494674683], "y": [0.0, 0.0, 0.00037907506339251995, 0.00037907506339251995, 0.0015318627702072263, 0.0015318627702072263, 0.004524887073785067, 0.004524887073785067, 0.004581625107675791, 0.004581625107675791, 0.009205426089465618, 0.009205426089465618, 0.013286439701914787, 0.013286439701914787, 0.01411290280520916, 0.01411290280520916, 0.021657250821590424, 0.021657250821590424, 0.022075055167078972, 0.022075055167078972, 0.02247191034257412, 0.02247191034257412, 0.0295138880610466, 0.0295138880610466, 0.03448275849223137, 0.03448275849223137, 0.03754693269729614, 0.03754693269729614, 0.0416666679084301, 0.0416666679084301, 0.04314159229397774, 0.04314159229397774, 0.06493506580591202, 0.06493506580591202, 0.06530611962080002, 0.06530611962080002, 0.06632652878761292, 0.06632652878761292, 0.07091469317674637, 0.07091469317674637, 0.09375, 0.09375, 0.10000000149011612, 0.10000000149011612, 0.1111111119389534, 0.1111111119389534, 0.11239193379878998, 0.11239193379878998, 0.12747524678707123, 0.12747524678707123, 0.13333334028720856, 0.13333334028720856, 0.1502808928489685, 0.1502808928489685, 0.1621621549129486, 0.1621621549129486, 0.1627907007932663, 0.1627907007932663, 0.16835017502307892, 0.16835017502307892, 0.1818181872367859, 0.1818181872367859, 0.18372704088687897, 0.18372704088687897, 0.1878172606229782, 0.1878172606229782, 0.20171673595905304, 0.20171673595905304, 0.2222222238779068, 0.2222222238779068, 0.2702702581882477, 0.2702702581882477, 0.3499999940395355, 0.3499999940395355], "degenerate": false}