{"x": [0.006007282994687557, 0.012061459943652153, 0.012065046466886997, 0.016717862337827682, 0.016720902174711227, 0.021877598017454147, 0.021878717467188835, 0.02517157793045044, 0.025177353993058205, 0.03211936727166176, 0.03212160989642143, 0.03444882109761238, 0.03445017337799072, 0.03716925159096718, 0.03717368468642235, 0.04847842827439308, 0.04848085716366768, 0.06130065396428108, 0.06132097169756889, 0.07350048422813416, 0.0735228955745697, 0.09523821622133255, 0.09524495154619217, 0.1002594605088234, 0.10031386464834213, 0.12924987077713013, 0.12931567430496216, 0.15933319926261902, 0.15941865742206573, 0.18098658323287964, 0.18101166188716888, 0.30229902267456055, 0.30233895778656006, 0.34994956851005554, 0.35004642605781555, 0.366940975189209, 0.36696624755859375, 0.404336541891098, 0.4047311544418335, 0.5231735110282898, 0.5232664942741394, 0.5453859567642212, 0.5454065203666687, 0.5655919313430786, 0.5657116770744324, 0.6384198665618896, 0.63892662525177, 0.6798474192619324, 0.6801302433013916, 0.6974688768386841, 0.6976592540740967, 0.7478590607643127, 0.7479925751686096, 0.753684937953949, 0.7541062235832214, 0.7881595492362976, 0.788180410861969, 0.7889254689216614, 0.789131760597229, 0.7945153117179871, 0.794593870639801, 0.8116320967674255, 0.8117321133613586, 0.8510079383850098, 0.8510603904724121, 0.8512688875198364, 0.8513031601905823, 0.8584809899330139, 0.8585554957389832, 0.8991159200668335, 0.8992776274681091, 0.9043765664100647, 0.9044028520584106, 0.9068351984024048, 0.906855583190918, 0.9072010517120361, 0.9072582721710205], "y": [0.0, 0.0, 0.00030998140573501587, 0.00030998140573501587, 0.0012342631816864014, 0.0012342631816864014, 0.0018604651559144258, 0.0018604651559144258, 0.0034863450564444065, 0.0034863450564444065, 0.003504672786220908, 0.003504672786220908, 0.004514672793447971, 0.004514672793447971, 0.005148951895534992, 0.005148951895534992, 0.006490264553576708, 0.006490264553576708, 0.008130080997943878, 0.008130080997943878, 0.01285046711564064, 0.01285046711564064, 0.013937282375991344, 0.013937282375991344, 0.015037594363093376, 0.015037594363093376, 0.018201284110546112, 0.018201284110546112, 0.02092050202190876, 0.02092050202190876, 0.03444034606218338, 0.03444034606218338, 0.04422604292631149, 0.04422604292631149, 0.04878048598766327, 0.04878048598766327, 0.056105609983205795, 0.056105609983205795, 0.06916764378547668, 0.06916764378547668, 0.09803921729326248, 0.09803921729326248, 0.11445783078670502, 0.11445783078670502, 0.11460258811712265, 0.11460258811712265, 0.12195122241973877, 0.12195122241973877, 0.1306818127632141, 0.1306818127632141, 0.1346534639596939, 0.1346534639596939, 0.1666666716337204, 0.1666666716337204, 0.18994413316249847, 0.18994413316249847, 0.2222222238779068, 0.2222222238779068, 0.22413793206214905, 0.22413793206214905, 0.22748814523220062, 0.22748814523220062, 0.23613595962524414, 0.23613595962524414, 0.25, 0.25, 0.2752293646335602, 0.2752293646335602, 0.29301533102989197, 0.29301533102989197, 0.39344263076782227, 0.39344263076782227, 0.4000000059604645, 0.4000000059604645, 0.5, 0.5, 1.0], "degenerate": false}