{"x": [0.012918386608362198, 0.022208189591765404, 0.022217843681573868, 0.03283527493476868, 0.03284043073654175, 0.042036619037389755, 0.042040470987558365, 0.043898746371269226, 0.043905552476644516, 0.045140981674194336, 0.04515031352639198, 0.04839915782213211, 0.04840017110109329, 0.06986897438764572, 0.06988780200481415, 0.07723777741193771, 0.07724108546972275, 0.10718069970607758, 0.10719235986471176, 0.1306014209985733, 0.13061535358428955, 0.13189665973186493, 0.131923645734787, 0.13289238512516022, 0.132925346493721, 0.14973309636116028, 0.14976976811885834, 0.17457029223442078, 0.17461244761943817, 0.23637086153030396, 0.23637980222702026, 0.24514035880565643, 0.24521157145500183, 0.3680441379547119, 0.3680504858493805, 0.38715532422065735, 0.3871758282184601, 0.4094981253147125, 0.4095097482204437, 0.4501829743385315, 0.4502573311328888, 0.5152984261512756, 0.515431821346283, 0.5321094989776611, 0.5321438908576965, 0.6019114255905151, 0.6019228100776672, 0.6079819798469543, 0.6080866456031799, 0.6122090816497803, 0.6122428774833679, 0.6999199986457825, 0.7000206708908081, 0.7280440330505371, 0.7280970811843872, 0.7640348076820374, 0.7642688155174255, 0.7650385499000549, 0.7650452256202698, 0.7925794720649719, 0.7926933765411377, 0.7947551608085632, 0.7952030897140503, 0.8145272731781006, 0.8146422505378723, 0.8215945959091187, 0.8233241438865662], "y": [0.0, 0.0, 0.0009633911540731788, 0.0009633911540731788, 0.0016813786933198571, 0.0016813786933198571, 0.0020920501556247473, 0.0020920501556247473, 0.003367003286257386, 0.003367003286257386, 0.003968254197388887, 0.003968254197388887, 0.005365354940295219, 0.005365354940295219, 0.009920635260641575, 0.009920635260641575, 0.010669252835214138, 0.010669252835214138, 0.012890094891190529, 0.012890094891190529, 0.014925372786819935, 0.014925372786819935, 0.01886792480945587, 0.01886792480945587, 0.01982651837170124, 0.01982651837170124, 0.02074688859283924, 0.02074688859283924, 0.02836485020816326, 0.02836485020816326, 0.03125, 0.03125, 0.04371193051338196, 0.04371193051338196, 0.05630630627274513, 0.05630630627274513, 0.05914972350001335, 0.05914972350001335, 0.06312292069196701, 0.06312292069196701, 0.07642393559217453, 0.07642393559217453, 0.08401083946228027, 0.08401083946228027, 0.09204152226448059, 0.09204152226448059, 0.10000000149011612, 0.10000000149011612, 0.1034482792019844, 0.1034482792019844, 0.1415836364030838, 0.1415836364030838, 0.15673288702964783, 0.15673288702964783, 0.15724815428256989, 0.15724815428256989, 0.1666666716337204, 0.1666666716337204, 0.17045454680919647, 0.17045454680919647, 0.2222222238779068, 0.2222222238779068, 0.22580644488334656, 0.22580644488334656, 0.25, 0.25, 1.0], "degenerate": false}