{"x": [0.01232991088181734, 0.022855298593640327, 0.022864865139126778, 0.032476700842380524, 0.032478079199790955, 0.04732298478484154, 0.04732499271631241, 0.049868255853652954, 0.04986927658319473, 0.053998928517103195, 0.054000504314899445, 0.058436524122953415, 0.058437831699848175, 0.05911372974514961, 0.059114862233400345, 0.08568061143159866, 0.085735023021698, 0.10095067322254181, 0.1009761318564415, 0.13925358653068542, 0.1392659991979599, 0.1957882195711136, 0.19580739736557007, 0.2477923333644867, 0.2478041648864746, 0.3148876428604126, 0.3148987591266632, 0.3268919587135315, 0.3269098401069641, 0.4299233555793762, 0.4299846291542053, 0.4387959837913513, 0.43892771005630493, 0.47464519739151, 0.474648118019104, 0.48565828800201416, 0.4857146739959717, 0.48687273263931274, 0.48691511154174805, 0.5359734892845154, 0.5359829664230347, 0.5534408092498779, 0.5535550713539124, 0.5650184154510498, 0.5650597810745239, 0.5680310726165771, 0.5680606961250305, 0.6245819926261902, 0.6245927810668945, 0.6479130387306213, 0.6480293869972229, 0.6727479696273804, 0.6729032397270203, 0.7252874374389648, 0.7252962589263916, 0.7586150765419006, 0.7586284279823303, 0.7794791460037231, 0.7795342803001404, 0.7807854413986206, 0.7808327078819275, 0.7852402925491333, 0.7854442000389099, 0.7963982820510864], "y": [0.0, 0.0, 0.0011049723252654076, 0.0011049723252654076, 0.0018854583613574505, 0.0018854583613574505, 0.0031545741949230433, 0.0031545741949230433, 0.004454343114048243, 0.004454343114048243, 0.0057142856530845165, 0.0057142856530845165, 0.007633587811142206, 0.007633587811142206, 0.0077810571528971195, 0.0077810571528971195, 0.01435045339167118, 0.01435045339167118, 0.014499121345579624, 0.014499121345579624, 0.023255813866853714, 0.023255813866853714, 0.027716994285583496, 0.027716994285583496, 0.03609625622630119, 0.03609625622630119, 0.041044775396585464, 0.041044775396585464, 0.053350403904914856, 0.053350403904914856, 0.057591624557971954, 0.057591624557971954, 0.0605652742087841, 0.0605652742087841, 0.06194690242409706, 0.06194690242409706, 0.0625, 0.0625, 0.08387799561023712, 0.08387799561023712, 0.08498583734035492, 0.08498583734035492, 0.11158798635005951, 0.11158798635005951, 0.11267605423927307, 0.11267605423927307, 0.1156812310218811, 0.1156812310218811, 0.13592232763767242, 0.13592232763767242, 0.1471698135137558, 0.1471698135137558, 0.154296875, 0.154296875, 0.16094420850276947, 0.16094420850276947, 0.19871795177459717, 0.19871795177459717, 0.2142857164144516, 0.2142857164144516, 0.2800000011920929, 0.2800000011920929, 0.3142857253551483, 0.3142857253551483], "degenerate": false}