{
  "0": {
    "threshold": 0.39,
    "f2_val": 0.6314955081909459,
    "pr_auc_val": 0.4321524882082397,
    "brier_val": 0.0379505600774467,
    "best_iter": 78,
    "positive_rate_train": 0.02720259558099502
  },
  "1": {
    "threshold": 0.77,
    "f2_val": 0.5133993591610836,
    "pr_auc_val": 0.29456573045833306,
    "brier_val": 0.05797240693988895,
    "best_iter": 77,
    "positive_rate_train": 0.028197726219751237
  },
  "2": {
    "threshold": 0.99,
    "f2_val": 0.44707588206863214,
    "pr_auc_val": 0.2099550624107945,
    "brier_val": 0.07605311143857295,
    "best_iter": 58,
    "positive_rate_train": 0.030574906003551377
  },
  "3": {
    "threshold": 0.99,
    "f2_val": 0.4178242026891876,
    "pr_auc_val": 0.181346954728535,
    "brier_val": 0.08394678981205128,
    "best_iter": 42,
    "positive_rate_train": 0.03155389273860129
  },
  "4": {
    "threshold": 0.99,
    "f2_val": 0.3911955977988994,
    "pr_auc_val": 0.16376186400377996,
    "brier_val": 0.09502774206475473,
    "best_iter": 64,
    "positive_rate_train": 0.033381154511706326
  },
  "5": {
    "threshold": 0.99,
    "f2_val": 0.35586206896551725,
    "pr_auc_val": 0.13830707629149766,
    "brier_val": 0.1009610515006931,
    "best_iter": 69,
    "positive_rate_train": 0.03475293249056405
  },
  "6": {
    "threshold": 0.99,
    "f2_val": 0.3318645001377031,
    "pr_auc_val": 0.13098734460531342,
    "brier_val": 0.105983216248158,
    "best_iter": 72,
    "positive_rate_train": 0.036463544151826253
  },
  "7": {
    "threshold": 0.99,
    "f2_val": 0.32197317655704577,
    "pr_auc_val": 0.11571931003106671,
    "brier_val": 0.11197466728453521,
    "best_iter": 52,
    "positive_rate_train": 0.037207028169458374
  },
  "8": {
    "threshold": 0.88,
    "f2_val": 0.32437405007599396,
    "pr_auc_val": 0.11798450303665386,
    "brier_val": 0.11207503754948424,
    "best_iter": 72,
    "positive_rate_train": 0.03822476387966368
  },
  "9": {
    "threshold": 0.99,
    "f2_val": 0.3205225581042078,
    "pr_auc_val": 0.11480715107048688,
    "brier_val": 0.11233490870701186,
    "best_iter": 39,
    "positive_rate_train": 0.039216667500708936
  }
}